{"OutputFileHashSum":"0CC6FE5B070B93986CAF34095A4AD0783B5DB3B8EB1D7D2271235C4DC66280BA","Converted":true,"OutputModifyDate":"2023-05-15T17:38:51.0822668Z","Metadatas":[{"CategoryName":"VuGen.Replay","Offset":3204,"Length":23,"TypeId":1},{"CategoryName":"VuGen.Replay","Offset":3330,"Length":75,"TypeId":2},{"CategoryName":"VuGen.Replay","Offset":3405,"Length":69,"TypeId":2},{"CategoryName":"VuGen.Replay","Offset":26351,"Length":101,"TypeId":4},{"CategoryName":"VuGen.Replay","Offset":2090391,"Length":130,"TypeId":2},{"CategoryName":"VuGen.Replay","Offset":2090521,"Length":62,"TypeId":2},{"CategoryName":"VuGen.Replay","Offset":2229464,"Length":121,"TypeId":5},{"CategoryName":"VuGen.Replay","Offset":2229585,"Length":75,"TypeId":5},{"CategoryName":"VuGen.Replay","Offset":2229660,"Length":79,"TypeId":5},{"CategoryName":"VuGen.Replay","Offset":2250756,"Length":120,"TypeId":2},{"CategoryName":"VuGen.Replay","Offset":2250876,"Length":69,"TypeId":2},{"CategoryName":"VuGen.Replay","Offset":2414277,"Length":95,"TypeId":3},{"CategoryName":"VuGen.Replay","Offset":2414372,"Length":95,"TypeId":3},{"CategoryName":"VuGen.Replay","Offset":2414467,"Length":80,"TypeId":5},{"CategoryName":"VuGen.Replay","Offset":2414547,"Length":80,"TypeId":5},{"CategoryName":"VuGen.Replay","Offset":2414627,"Length":118,"TypeId":3},{"CategoryName":"VuGen.Replay","Offset":2414745,"Length":118,"TypeId":3},{"CategoryName":"VuGen.Replay","Offset":2423721,"Length":67,"TypeId":4},{"CategoryName":"VuGen.Replay","Offset":2423788,"Length":67,"TypeId":4},{"CategoryName":"VuGen.Replay","Offset":2424319,"Length":68,"TypeId":4},{"CategoryName":"VuGen.Replay","Offset":2424387,"Length":68,"TypeId":4},{"CategoryName":"VuGen.Replay","Offset":2424628,"Length":127,"TypeId":2},{"CategoryName":"VuGen.Replay","Offset":2841540,"Length":68,"TypeId":2},{"CategoryName":"VuGen.Replay","Offset":2841691,"Length":80,"TypeId":5},{"CategoryName":"VuGen.Replay","Offset":2841771,"Length":80,"TypeId":5},{"CategoryName":"VuGen.Replay","Offset":2848498,"Length":126,"TypeId":2},{"CategoryName":"VuGen.Replay","Offset":2986856,"Length":63,"TypeId":2},{"CategoryName":"VuGen.Replay","Offset":2998778,"Length":121,"TypeId":2},{"CategoryName":"VuGen.Replay","Offset":2998899,"Length":136,"TypeId":2},{"CategoryName":"VuGen.Replay","Offset":2999058,"Length":21,"TypeId":1}],"MetadataTypes":[{"CategoryName":"VuGen.Replay","MetadataTypeName":"HP.LR.Vugen.Iteration","Id":1},{"CategoryName":"VuGen.Replay","MetadataTypeName":"HP.LR.Vugen.NotifyTransaction","Id":2},{"CategoryName":"VuGen.Replay","MetadataTypeName":"Utt.Debugger.Warning","Id":3},{"CategoryName":"VuGen.Replay","MetadataTypeName":"HP.LR.Vugen.NotifySavingParameter","Id":4},{"CategoryName":"VuGen.Replay","MetadataTypeName":"HP.LR.Vugen.NotifyParameterSubstitution","Id":5}]}