{"OutputFileHashSum":"AD6747E0D97554E32A350A5E70D1A2F290C0BEE14ED793963884644CA79DD3D0","Converted":true,"OutputModifyDate":"2023-05-15T14:34:14.2366967Z","Metadatas":[{"CategoryName":"VuGen.Replay","Offset":3139,"Length":23,"TypeId":1},{"CategoryName":"VuGen.Replay","Offset":3265,"Length":69,"TypeId":2},{"CategoryName":"VuGen.Replay","Offset":3334,"Length":69,"TypeId":2},{"CategoryName":"VuGen.Replay","Offset":26146,"Length":102,"TypeId":3},{"CategoryName":"VuGen.Replay","Offset":1139142,"Length":128,"TypeId":2},{"CategoryName":"VuGen.Replay","Offset":1139270,"Length":61,"TypeId":2},{"CategoryName":"VuGen.Replay","Offset":1817069,"Length":122,"TypeId":4},{"CategoryName":"VuGen.Replay","Offset":1817191,"Length":75,"TypeId":4},{"CategoryName":"VuGen.Replay","Offset":1817266,"Length":79,"TypeId":4},{"CategoryName":"VuGen.Replay","Offset":1829328,"Length":120,"TypeId":2},{"CategoryName":"VuGen.Replay","Offset":1968256,"Length":71,"TypeId":2},{"CategoryName":"VuGen.Replay","Offset":1988787,"Length":129,"TypeId":2},{"CategoryName":"VuGen.Replay","Offset":2543365,"Length":63,"TypeId":2},{"CategoryName":"VuGen.Replay","Offset":2554885,"Length":121,"TypeId":2},{"CategoryName":"VuGen.Replay","Offset":2555006,"Length":130,"TypeId":2},{"CategoryName":"VuGen.Replay","Offset":2555159,"Length":21,"TypeId":1}],"MetadataTypes":[{"CategoryName":"VuGen.Replay","MetadataTypeName":"HP.LR.Vugen.Iteration","Id":1},{"CategoryName":"VuGen.Replay","MetadataTypeName":"HP.LR.Vugen.NotifyTransaction","Id":2},{"CategoryName":"VuGen.Replay","MetadataTypeName":"HP.LR.Vugen.NotifySavingParameter","Id":3},{"CategoryName":"VuGen.Replay","MetadataTypeName":"HP.LR.Vugen.NotifyParameterSubstitution","Id":4}]}