﻿<DataObject comparison="Ordinal">
  <Section id="">
    <Subsections>
      <Section id="General">
        <Subsections />
        <Entries>
          <Entry key="ElapsedTime">
            <double>6.5645894</double>
          </Entry>
          <Entry key="StartedAt">
            <dateTime>2023-05-15T21:08:01.2527772+04:00</dateTime>
          </Entry>
          <Entry key="EndedAt">
            <dateTime>2023-05-15T21:08:07.8173666+04:00</dateTime>
          </Entry>
          <Entry key="ReplayStatus">
            <LastReplayRunStatus>Failed</LastReplayRunStatus>
          </Entry>
          <Entry key="NumberOfReplayErrors">
            <int>4</int>
          </Entry>
          <Entry key="NumberOfReplayCriticalErrors">
            <int>2</int>
          </Entry>
          <Entry key="NumberOfCompilationErrors">
            <int>0</int>
          </Entry>
        </Entries>
      </Section>
    </Subsections>
    <Entries>
      <Entry key="Iterations">
        <int>1</int>
      </Entry>
    </Entries>
  </Section>
</DataObject>