[
    {
        "actionName": "Action",
        "steps": [
            {
                "stepId": "STEP1",
                "stepName": "Url: WebTours",
                "infFile": "t2.inf",
                "time": 1684170483127
            },
            {
                "stepId": "STEP2",
                "stepName": "Url: canonical.html",
                "infFile": "t3.inf",
                "time": 1684170487475
            },
            {
                "stepId": "STEP3",
                "stepName": "Submit Data: login.pl",
                "infFile": "t5.inf",
                "time": 1684170487692
            }
        ],
        "transactions": [
            {
                "transactionName": "uc01_tr_webtours_open",
                "rawStartTime": 1684170482541,
                "rawEndTime": 1684170487486,
                "thinkTime": 0.0,
                "wastedTime": 0.2540242671966553
            },
            {
                "transactionName": "uc01_tr_login",
                "rawStartTime": 1684170487517,
                "rawEndTime": 1684170487693,
                "thinkTime": 0.0,
                "wastedTime": 0.007282733917236328
            },
            {
                "transactionName": "uc01_tr_delete_itinerary",
                "rawStartTime": 1684170482527,
                "rawEndTime": 1684170487693,
                "thinkTime": 0.0,
                "wastedTime": 0.2613070011138916
            }
        ]
    }
]