[
    {
        "actionName": "Action",
        "steps": [
            {
                "stepId": "STEP1",
                "stepName": "Url: WebTours",
                "infFile": "t2.inf",
                "time": 1684577619436
            },
            {
                "stepId": "STEP2",
                "stepName": "Url: canonical.html",
                "infFile": "t3.inf",
                "time": 1684577624915
            },
            {
                "stepId": "STEP3",
                "stepName": "Url: canonical.html_2",
                "infFile": "t4.inf",
                "time": 1684577626034
            },
            {
                "stepId": "STEP4",
                "stepName": "Url: canonical.html_3",
                "infFile": "t5.inf",
                "time": 1684577627076
            },
            {
                "stepId": "STEP5",
                "stepName": "Url: canonical.html_4",
                "infFile": "t6.inf",
                "time": 1684577628144
            },
            {
                "stepId": "STEP6",
                "stepName": "Url: canonical.html_5",
                "infFile": "t7.inf",
                "time": 1684577629260
            },
            {
                "stepId": "STEP7",
                "stepName": "Url: canonical.html_6",
                "infFile": "t8.inf",
                "time": 1684577630321
            },
            {
                "stepId": "STEP8",
                "stepName": "Submit Data: login.pl",
                "infFile": "t9.inf",
                "time": 1684577630553
            },
            {
                "stepId": "STEP9",
                "stepName": "Url: canonical.html_7",
                "infFile": "t10.inf",
                "time": 1684577631610
            },
            {
                "stepId": "STEP10",
                "stepName": "Url: welcome.pl",
                "infFile": "t12.inf",
                "time": 1684577632062
            },
            {
                "stepId": "STEP11",
                "stepName": "Url: canonical.html_8",
                "infFile": "t13.inf",
                "time": 1684577633199
            },
            {
                "stepId": "STEP12",
                "stepName": "Url: canonical.html_9",
                "infFile": "t14.inf",
                "time": 1684577634250
            },
            {
                "stepId": "STEP13",
                "stepName": "Url: canonical.html_10",
                "infFile": "t15.inf",
                "time": 1684577635294
            },
            {
                "stepId": "STEP14",
                "stepName": "Url: canonical.html_11",
                "infFile": "t16.inf",
                "time": 1684577636355
            },
            {
                "stepId": "STEP15",
                "stepName": "Url: canonical.html_12",
                "infFile": "t17.inf",
                "time": 1684577637434
            },
            {
                "stepId": "STEP16",
                "stepName": "Submit Data: itinerary.pl",
                "infFile": "t18.inf",
                "time": 1684577637575
            },
            {
                "stepId": "STEP17",
                "stepName": "Url: welcome.pl_2",
                "infFile": "t19.inf",
                "time": 1684577637847
            }
        ],
        "transactions": [
            {
                "transactionName": "web tours open",
                "rawStartTime": 1684577619110,
                "rawEndTime": 1684577628147,
                "thinkTime": 0.0,
                "wastedTime": 0.2706174850463867
            },
            {
                "transactionName": "login",
                "rawStartTime": 1684577628179,
                "rawEndTime": 1684577630569,
                "thinkTime": 0.0,
                "wastedTime": 0.04206514358520508
            },
            {
                "transactionName": "viev itinerary",
                "rawStartTime": 1684577631624,
                "rawEndTime": 1684577632074,
                "thinkTime": 0.0,
                "wastedTime": 0.0135955810546875
            },
            {
                "transactionName": "delete itinerary",
                "rawStartTime": 1684577636371,
                "rawEndTime": 1684577637581,
                "thinkTime": 0.0,
                "wastedTime": 0.024897336959838868
            },
            {
                "transactionName": "logout",
                "rawStartTime": 1684577637613,
                "rawEndTime": 1684577637861,
                "thinkTime": 0.0,
                "wastedTime": 0.006871223449707031
            },
            {
                "transactionName": "delete ticket",
                "rawStartTime": 1684577619094,
                "rawEndTime": 1684577637877,
                "thinkTime": 0.0,
                "wastedTime": 0.43085408210754397
            }
        ]
    }
]