[
    {
        "actionName": "Action",
        "steps": [
            {
                "stepId": "STEP1",
                "stepName": "Url: WebTours",
                "infFile": "t2.inf",
                "time": 1684169670293
            },
            {
                "stepId": "STEP2",
                "stepName": "Url: canonical.html",
                "infFile": "t3.inf",
                "time": 1684169673596
            },
            {
                "stepId": "STEP3",
                "stepName": "Url: canonical.html_2",
                "infFile": "t4.inf",
                "time": 1684169674597
            },
            {
                "stepId": "STEP4",
                "stepName": "Url: canonical.html_3",
                "infFile": "t5.inf",
                "time": 1684169675629
            },
            {
                "stepId": "STEP5",
                "stepName": "Url: canonical.html_4",
                "infFile": "t6.inf",
                "time": 1684169676511
            },
            {
                "stepId": "STEP6",
                "stepName": "Url: canonical.html_5",
                "infFile": "t7.inf",
                "time": 1684169677422
            },
            {
                "stepId": "STEP7",
                "stepName": "Submit Data: login.pl",
                "infFile": "t8.inf",
                "time": 1684169677593
            },
            {
                "stepId": "STEP8",
                "stepName": "Url: canonical.html_6",
                "infFile": "t9.inf",
                "time": 1684169678559
            },
            {
                "stepId": "STEP9",
                "stepName": "Url: canonical.html_7",
                "infFile": "t10.inf",
                "time": 1684169679448
            },
            {
                "stepId": "STEP10",
                "stepName": "Url: canonical.html_8",
                "infFile": "t11.inf",
                "time": 1684169680355
            },
            {
                "stepId": "STEP11",
                "stepName": "Url: canonical.html_9",
                "infFile": "t12.inf",
                "time": 1684169681247
            },
            {
                "stepId": "STEP12",
                "stepName": "Url: canonical.html_10",
                "infFile": "t13.inf",
                "time": 1684169682191
            },
            {
                "stepId": "STEP13",
                "stepName": "Url: welcome.pl",
                "infFile": "t14.inf",
                "time": 1684169682329
            },
            {
                "stepId": "STEP14",
                "stepName": "Submit Form: reservations.pl",
                "infFile": "t17.inf",
                "time": 1684169682475
            },
            {
                "stepId": "STEP15",
                "stepName": "Url: canonical.html_11",
                "infFile": "t18.inf",
                "time": 1684169683385
            },
            {
                "stepId": "STEP16",
                "stepName": "Submit Data: reservations.pl_2",
                "infFile": "t19.inf",
                "time": 1684169683483
            },
            {
                "stepId": "STEP17",
                "stepName": "Submit Form: reservations.pl_3",
                "infFile": "t20.inf",
                "time": 1684169683593
            },
            {
                "stepId": "STEP18",
                "stepName": "Url: welcome.pl_2",
                "infFile": "t21.inf",
                "time": 1684169683794
            }
        ],
        "transactions": [
            {
                "transactionName": "uc01_tr_web_tours_open",
                "rawStartTime": 1684169670070,
                "rawEndTime": 1684169677424,
                "thinkTime": 0.0,
                "wastedTime": 0.1676619052886963
            },
            {
                "transactionName": "uc01_tr_login",
                "rawStartTime": 1684169677440,
                "rawEndTime": 1684169681248,
                "thinkTime": 0.0,
                "wastedTime": 0.04763507843017578
            },
            {
                "transactionName": "uc01_tr_find_flights",
                "rawStartTime": 1684169682193,
                "rawEndTime": 1684169682486,
                "thinkTime": 0.0,
                "wastedTime": 0.017319440841674806
            },
            {
                "transactionName": "uc01_tr_choose_race",
                "rawStartTime": 1684169683398,
                "rawEndTime": 1684169683490,
                "thinkTime": 0.0,
                "wastedTime": 0.005072593688964844
            },
            {
                "transactionName": "uc01_tr_payment",
                "rawStartTime": 1684169683506,
                "rawEndTime": 1684169683601,
                "thinkTime": 0.0,
                "wastedTime": 0.004183530807495117
            },
            {
                "transactionName": "uc01_tr_logout",
                "rawStartTime": 1684169683616,
                "rawEndTime": 1684169683802,
                "thinkTime": 0.0,
                "wastedTime": 0.007642030715942383
            },
            {
                "transactionName": "uc01_tr_buy_without_itinerary",
                "rawStartTime": 1684169670056,
                "rawEndTime": 1684169683818,
                "thinkTime": 0.0,
                "wastedTime": 0.26885032653808596
            }
        ]
    }
]