[
    {
        "actionName": "Action",
        "steps": [
            {
                "stepId": "STEP1",
                "stepName": "Url: WebTours",
                "infFile": "t2.inf",
                "time": 1684161235920
            },
            {
                "stepId": "STEP2",
                "stepName": "Url: canonical.html",
                "infFile": "t3.inf",
                "time": 1684161241029
            },
            {
                "stepId": "STEP3",
                "stepName": "Url: canonical.html_2",
                "infFile": "t4.inf",
                "time": 1684161242100
            },
            {
                "stepId": "STEP4",
                "stepName": "Url: canonical.html_3",
                "infFile": "t5.inf",
                "time": 1684161243208
            },
            {
                "stepId": "STEP5",
                "stepName": "Url: canonical.html_4",
                "infFile": "t6.inf",
                "time": 1684161244493
            },
            {
                "stepId": "STEP6",
                "stepName": "Url: canonical.html_5",
                "infFile": "t7.inf",
                "time": 1684161245498
            },
            {
                "stepId": "STEP7",
                "stepName": "Url: canonical.html_6",
                "infFile": "t8.inf",
                "time": 1684161246856
            },
            {
                "stepId": "STEP8",
                "stepName": "Url: canonical.html_7",
                "infFile": "t9.inf",
                "time": 1684161247884
            },
            {
                "stepId": "STEP9",
                "stepName": "Submit Data: login.pl",
                "infFile": "t10.inf",
                "time": 1684161248111
            },
            {
                "stepId": "STEP10",
                "stepName": "Url: canonical.html_8",
                "infFile": "t11.inf",
                "time": 1684161249277
            },
            {
                "stepId": "STEP11",
                "stepName": "Url: welcome.pl",
                "infFile": "t12.inf",
                "time": 1684161249505
            },
            {
                "stepId": "STEP12",
                "stepName": "Url: canonical.html_9",
                "infFile": "t13.inf",
                "time": 1684161250693
            },
            {
                "stepId": "STEP13",
                "stepName": "Url: canonical.html_10",
                "infFile": "t14.inf",
                "time": 1684161251774
            },
            {
                "stepId": "STEP14",
                "stepName": "Url: canonical.html_11",
                "infFile": "t15.inf",
                "time": 1684161252854
            },
            {
                "stepId": "STEP15",
                "stepName": "Url: canonical.html_12",
                "infFile": "t16.inf",
                "time": 1684161253861
            },
            {
                "stepId": "STEP16",
                "stepName": "Url: welcome.pl_2",
                "infFile": "t17.inf",
                "time": 1684161254044
            }
        ],
        "transactions": [
            {
                "transactionName": "uc_01_tr_web_tours_open",
                "rawStartTime": 1684161235580,
                "rawEndTime": 1684161242101,
                "thinkTime": 0.0,
                "wastedTime": 0.2591090202331543
            },
            {
                "transactionName": "uc_01_tr_login",
                "rawStartTime": 1684161242118,
                "rawEndTime": 1684161248126,
                "thinkTime": 0.0,
                "wastedTime": 0.09783387184143067
            },
            {
                "transactionName": "uc_01_tr_look_itinerary",
                "rawStartTime": 1684161249283,
                "rawEndTime": 1684161249518,
                "thinkTime": 0.0,
                "wastedTime": 0.014652490615844727
            },
            {
                "transactionName": "uc_01_tr_logout",
                "rawStartTime": 1684161253865,
                "rawEndTime": 1684161254050,
                "thinkTime": 0.0,
                "wastedTime": 0.006430149078369141
            },
            {
                "transactionName": "uc_01_tr_view_itinerary",
                "rawStartTime": 1684161235565,
                "rawEndTime": 1684161254065,
                "thinkTime": 0.0,
                "wastedTime": 0.451007604598999
            }
        ]
    }
]