[
    {
        "actionName": "Action",
        "steps": [
            {
                "stepId": "STEP1",
                "stepName": "Url: WebTours",
                "infFile": "t2.inf",
                "time": 1684172314543
            },
            {
                "stepId": "STEP2",
                "stepName": "Url: canonical.html",
                "infFile": "t3.inf",
                "time": 1684172316847
            },
            {
                "stepId": "STEP3",
                "stepName": "Url: canonical.html_2",
                "infFile": "t4.inf",
                "time": 1684172317966
            },
            {
                "stepId": "STEP4",
                "stepName": "Url: canonical.html_3",
                "infFile": "t5.inf",
                "time": 1684172319022
            },
            {
                "stepId": "STEP5",
                "stepName": "Url: canonical.html_4",
                "infFile": "t6.inf",
                "time": 1684172320207
            },
            {
                "stepId": "STEP6",
                "stepName": "Url: canonical.html_5",
                "infFile": "t7.inf",
                "time": 1684172321168
            },
            {
                "stepId": "STEP7",
                "stepName": "Url: canonical.html_6",
                "infFile": "t8.inf",
                "time": 1684172322080
            },
            {
                "stepId": "STEP8",
                "stepName": "Url: canonical.html_7",
                "infFile": "t9.inf",
                "time": 1684172322987
            },
            {
                "stepId": "STEP9",
                "stepName": "Url: canonical.html_8",
                "infFile": "t10.inf",
                "time": 1684172323922
            },
            {
                "stepId": "STEP10",
                "stepName": "Url: canonical.html_9",
                "infFile": "t11.inf",
                "time": 1684172324839
            },
            {
                "stepId": "STEP11",
                "stepName": "Url: canonical.html_10",
                "infFile": "t12.inf",
                "time": 1684172325759
            },
            {
                "stepId": "STEP12",
                "stepName": "Submit Data: login.pl",
                "infFile": "t13.inf",
                "time": 1684172325903
            },
            {
                "stepId": "STEP13",
                "stepName": "Url: canonical.html_11",
                "infFile": "t14.inf",
                "time": 1684172326853
            },
            {
                "stepId": "STEP14",
                "stepName": "Url: welcome.pl",
                "infFile": "t15.inf",
                "time": 1684172326988
            },
            {
                "stepId": "STEP15",
                "stepName": "Submit Form: reservations.pl",
                "infFile": "t18.inf",
                "time": 1684172327138
            },
            {
                "stepId": "STEP16",
                "stepName": "Url: canonical.html_12",
                "infFile": "t19.inf",
                "time": 1684172328026
            },
            {
                "stepId": "STEP17",
                "stepName": "Url: canonical.html_13",
                "infFile": "t20.inf",
                "time": 1684172328913
            },
            {
                "stepId": "STEP18",
                "stepName": "Url: canonical.html_14",
                "infFile": "t21.inf",
                "time": 1684172329803
            },
            {
                "stepId": "STEP19",
                "stepName": "Submit Data: reservations.pl_2",
                "infFile": "t22.inf",
                "time": 1684172329908
            },
            {
                "stepId": "STEP20",
                "stepName": "Url: canonical.html_15",
                "infFile": "t23.inf",
                "time": 1684172330866
            },
            {
                "stepId": "STEP21",
                "stepName": "Url: welcome.pl_2",
                "infFile": "t24.inf",
                "time": 1684172331025
            }
        ],
        "transactions": [
            {
                "transactionName": "uc_01_tr_web_tours_open",
                "rawStartTime": 1684172314298,
                "rawEndTime": 1684172324842,
                "thinkTime": 0.0,
                "wastedTime": 0.2456645965576172
            },
            {
                "transactionName": "uc_01_tr_login",
                "rawStartTime": 1684172324858,
                "rawEndTime": 1684172325918,
                "thinkTime": 0.0,
                "wastedTime": 0.013760089874267578
            },
            {
                "transactionName": "uc_01_tr_find_flights",
                "rawStartTime": 1684172325934,
                "rawEndTime": 1684172327140,
                "thinkTime": 0.0,
                "wastedTime": 0.026456356048583986
            },
            {
                "transactionName": "uc_01_tr_choose_race",
                "rawStartTime": 1684172329819,
                "rawEndTime": 1684172329912,
                "thinkTime": 0.0,
                "wastedTime": 0.00789952278137207
            },
            {
                "transactionName": "uc_01_tr_logout",
                "rawStartTime": 1684172330882,
                "rawEndTime": 1684172331037,
                "thinkTime": 0.0,
                "wastedTime": 0.005185127258300781
            },
            {
                "transactionName": "uc_01_tr_only_view_not_buying",
                "rawStartTime": 1684172314283,
                "rawEndTime": 1684172331052,
                "thinkTime": 0.0,
                "wastedTime": 0.33749818801879885
            }
        ]
    }
]