{"OutputFileHashSum":"DC5FD3D4D6E4906AA1DBAD9183A14404AAC3EA4A26184E09FAA4923C34CF05AF","Converted":true,"OutputModifyDate":"2023-05-15T18:16:59.7890534Z","Metadatas":[{"CategoryName":"VuGen.Replay","Offset":527,"Length":23,"TypeId":1},{"CategoryName":"VuGen.Replay","Offset":653,"Length":75,"TypeId":2},{"CategoryName":"VuGen.Replay","Offset":728,"Length":68,"TypeId":2},{"CategoryName":"VuGen.Replay","Offset":20724,"Length":127,"TypeId":2},{"CategoryName":"VuGen.Replay","Offset":20851,"Length":66,"TypeId":2},{"CategoryName":"VuGen.Replay","Offset":21494,"Length":124,"TypeId":2},{"CategoryName":"VuGen.Replay","Offset":36496,"Length":69,"TypeId":2},{"CategoryName":"VuGen.Replay","Offset":55713,"Length":127,"TypeId":2},{"CategoryName":"VuGen.Replay","Offset":55840,"Length":155,"TypeId":3},{"CategoryName":"VuGen.Replay","Offset":56018,"Length":21,"TypeId":1},{"CategoryName":"VuGen.Replay","Offset":56084,"Length":184,"TypeId":3},{"CategoryName":"VuGen.Replay","Offset":56268,"Length":121,"TypeId":2},{"CategoryName":"VuGen.Replay","Offset":56389,"Length":77,"TypeId":4}],"MetadataTypes":[{"CategoryName":"VuGen.Replay","MetadataTypeName":"HP.LR.Vugen.Iteration","Id":1},{"CategoryName":"VuGen.Replay","MetadataTypeName":"HP.LR.Vugen.NotifyTransaction","Id":2},{"CategoryName":"VuGen.Replay","MetadataTypeName":"Utt.Debugger.Error","Id":3},{"CategoryName":"VuGen.Replay","MetadataTypeName":"HP.LR.Vugen.NotifyAny","Id":4}]}