[
    {
        "actionName": "Action",
        "steps": [
            {
                "stepId": "STEP1",
                "stepName": "Url: WebTours",
                "infFile": "t1.inf",
                "time": 1684174604723
            },
            {
                "stepId": "STEP2",
                "stepName": "Url: canonical.html",
                "infFile": "t2.inf",
                "time": 1684174607657
            },
            {
                "stepId": "STEP3",
                "stepName": "Url: canonical.html_2",
                "infFile": "t3.inf",
                "time": 1684174608773
            },
            {
                "stepId": "STEP4",
                "stepName": "Url: canonical.html_3",
                "infFile": "t4.inf",
                "time": 1684174609651
            },
            {
                "stepId": "STEP5",
                "stepName": "Url: canonical.html_4",
                "infFile": "t5.inf",
                "time": 1684174610490
            },
            {
                "stepId": "STEP6",
                "stepName": "Url: canonical.html_5",
                "infFile": "t6.inf",
                "time": 1684174611382
            },
            {
                "stepId": "STEP7",
                "stepName": "Url: login.pl",
                "infFile": "t7.inf",
                "time": 1684174611491
            },
            {
                "stepId": "STEP8",
                "stepName": "Url: canonical.html_6",
                "infFile": "t8.inf",
                "time": 1684174612567
            },
            {
                "stepId": "STEP9",
                "stepName": "Url: canonical.html_7",
                "infFile": "t9.inf",
                "time": 1684174613528
            },
            {
                "stepId": "STEP10",
                "stepName": "Url: canonical.html_8",
                "infFile": "t10.inf",
                "time": 1684174614362
            },
            {
                "stepId": "STEP11",
                "stepName": "Url: canonical.html_9",
                "infFile": "t11.inf",
                "time": 1684174615228
            },
            {
                "stepId": "STEP12",
                "stepName": "Url: canonical.html_10",
                "infFile": "t12.inf",
                "time": 1684174616126
            },
            {
                "stepId": "STEP13",
                "stepName": "Url: canonical.html_11",
                "infFile": "t13.inf",
                "time": 1684174616983
            },
            {
                "stepId": "STEP14",
                "stepName": "Url: canonical.html_12",
                "infFile": "t14.inf",
                "time": 1684174617802
            },
            {
                "stepId": "STEP15",
                "stepName": "Url: canonical.html_13",
                "infFile": "t15.inf",
                "time": 1684174618817
            },
            {
                "stepId": "STEP16",
                "stepName": "Url: canonical.html_14",
                "infFile": "t16.inf",
                "time": 1684174619671
            },
            {
                "stepId": "STEP17",
                "stepName": "Submit Data: login.pl_2",
                "infFile": "t17.inf",
                "time": 1684174619740
            }
        ],
        "transactions": [
            {
                "transactionName": "uc05_tr_web_tours_open",
                "rawStartTime": 1684174604527,
                "rawEndTime": 1684174611396,
                "thinkTime": 0.0,
                "wastedTime": 0.18358302116394044
            },
            {
                "transactionName": "uc05_tr_sign_up_now",
                "rawStartTime": 1684174611412,
                "rawEndTime": 1684174611504,
                "thinkTime": 0.0,
                "wastedTime": 0.006155729293823242
            },
            {
                "transactionName": "fill_registarion_list",
                "rawStartTime": 1684174615233,
                "rawEndTime": 1684174619750,
                "thinkTime": 0.0,
                "wastedTime": 0.0445401668548584
            }
        ]
    }
]